﻿<FlowDocument xmlns="http://schemas.microsoft.com/winfx/2006/xaml/presentation" ColumnWidth="488" IsOptimalParagraphEnabled="True" IsHyphenationEnabled="True">

  <Section FontSize="12">
    <Paragraph>
      <InlineUIContainer BaselineAlignment="Center">
        <Image Source="logo.jpg" Height="40" />
      </InlineUIContainer>
      Stanford Medical School | Department of Pathology
    </Paragraph>
  </Section>
   <Section FontSize="24">
    <Paragraph>
      <Bold>Screening Result</Bold>
    </Paragraph>
  </Section>
  <Section FontSize="12">
    <Paragraph>
      <Bold>John Musterman, 16-231312</Bold>
    </Paragraph>
  </Section>
  <Section FontSize="12">
    <Paragraph>
      <Floater
        Background="GhostWhite"
        Width="512" HorizontalAlignment="Center"
          >
        <Table CellSpacing="5">
          <Table.Columns>
            <TableColumn Width="386"/>
            <TableColumn Width="32"/>
          </Table.Columns>

          <TableRowGroup>
            <TableRow FontSize="18">
              <TableCell ColumnSpan="3">
                <Paragraph>Summary</Paragraph>
              </TableCell>
            </TableRow>

            <TableRow Background="LightGoldenrodYellow" FontSize="12">
              <TableCell>
                <Paragraph>
                  <Span BaselineAlignment="Center">
                    <Bold>Prostate Cancer is found</Bold>
                  </Span>
                </Paragraph>
              </TableCell>
              <TableCell>
                <Paragraph>
                  <InlineUIContainer BaselineAlignment="Center">
                    <Image Source="available.png" Height="32" />
                  </InlineUIContainer>
                </Paragraph>
              </TableCell>
            </TableRow>

            <TableRow Background="LightGray" FontSize="12">
              <TableCell>
                <Paragraph FontWeight="Bold">Ductal formation</Paragraph>
              </TableCell>
              <TableCell>
                <Paragraph>
                  <InlineUIContainer BaselineAlignment="Center">
                    <Image Source="available.png" Height="32" />
                  </InlineUIContainer>
                </Paragraph>
              </TableCell>
            </TableRow>

            <TableRow FontSize="12" Background="LightGoldenrodYellow">
              <TableCell>
                <Paragraph FontWeight="Bold">
                  <Span BaselineAlignment="Center">Cribriform morphology</Span>
                </Paragraph>
              </TableCell>
              <TableCell>
                <Paragraph>
                  <InlineUIContainer BaselineAlignment="Center">
                    <Image Source="available.png" Height="32" />
                  </InlineUIContainer>
                </Paragraph>
              </TableCell>
            </TableRow>
            
            <TableRow FontSize="12" Background="LightGray">
              <TableCell>
                <Paragraph FontWeight="Bold">
                  <Span BaselineAlignment="Center">Gleason Pattern 3</Span>
                </Paragraph>
              </TableCell>
              <TableCell>
                <Paragraph>
                  <InlineUIContainer BaselineAlignment="Center">
                    <Image Source="available.png" Height="32" />
                  </InlineUIContainer>
                </Paragraph>
              </TableCell>
            </TableRow>

            <TableRow FontSize="12" Background="LightGoldenrodYellow">
              <TableCell>
                <Paragraph FontWeight="Bold">
                  <Span BaselineAlignment="Center">Gleason Pattern 4</Span>
                </Paragraph>
              </TableCell>
              <TableCell>
                <Paragraph>
                  <InlineUIContainer BaselineAlignment="Center">
                    <Image Source="available.png" Height="32" />
                  </InlineUIContainer>
                </Paragraph>
              </TableCell>
            </TableRow>

            <TableRow FontSize="12" Background="LightGray">
              <TableCell>
                <Paragraph FontWeight="Bold">
                  <Span BaselineAlignment="Center">Gleason Pattern 5</Span>
                </Paragraph>
              </TableCell>
              <TableCell>
                <Paragraph>
                  <InlineUIContainer BaselineAlignment="Center">
                    <Image Source="available.png" Height="32" />
                  </InlineUIContainer>
                </Paragraph>
              </TableCell>
            </TableRow>

            <TableRow FontSize="12" Background="LightGoldenrodYellow">
              <TableCell>
                <Paragraph FontWeight="Bold">
                  <Span BaselineAlignment="Center">Extracapsulare Extension</Span>
                </Paragraph>
              </TableCell>
              <TableCell>
                <Paragraph>
                  <InlineUIContainer BaselineAlignment="Center">
                    <Image Source="available.png" Height="32" />
                  </InlineUIContainer>
                </Paragraph>
              </TableCell>
            </TableRow>

            <TableRow FontSize="12" Background="LightGray">
              <TableCell>
                <Paragraph FontWeight="Bold">
                  <Span BaselineAlignment="Center">HGPIN</Span>
                </Paragraph>
              </TableCell>
              <TableCell>
                <Paragraph>
                  <InlineUIContainer BaselineAlignment="Center">
                    <Image Source="available.png" Height="32" />
                  </InlineUIContainer>
                </Paragraph>
              </TableCell>
            </TableRow>
            
            <TableRow>
              <TableCell ColumnSpan="4">
                <Paragraph FontSize="10" FontStyle="Italic">
                  Information about the pipeline from the
                  <Hyperlink
                    NavigateUri="http://www.deepmedicine.ai"
                      >DeepMedicine.AI</Hyperlink>
                  web site. <LineBreak/>
                </Paragraph>
              </TableCell>
            </TableRow>
            
          </TableRowGroup>
        </Table>
      </Floater>
    </Paragraph>
  </Section>
 
  <Section >
    <Paragraph FontSize="14">
      <InlineUIContainer>
        <ListView BorderThickness="0" >
          <ListView.View>
            <GridView>
              <GridViewColumn Header="Block"  Width="150" />
              <GridViewColumn Header="File" Width="75" />
            </GridView>
          </ListView.View>
        </ListView>
      </InlineUIContainer>
    </Paragraph>
  </Section>
  <Section>
    <BlockUIContainer >
      <Viewport3D ClipToBounds="True" Width="150" Height="150" Canvas.Left="0" Canvas.Top="10">
      </Viewport3D>
      </BlockUIContainer>
  </Section>
  <BlockUIContainer >
    <ToolBarTray DockPanel.Dock="Top" Background="White">
      <ToolBar Background="#FF000F21">
        <Button Command="{Binding OpenCommand}" CommandParameter="OpenReport" Content="Open Summary"  ToolTip="Open a DICOM file" Background="#FFE2E2E2" Width="62"/>
        <Button Command="{Binding OpenCommand}" CommandParameter="Folder" Content="Open Folder"  ToolTip="Call DICOM files from a folder" Background="#FFE2E2E2" Width="62"/>
        <Button Command="{Binding SaveCommand}" Content="Save" ToolTip="Save the annotation in json format" Width="62" Background="#FF4DBD85"/>
        <Button Command="{Binding CloseCommand}" Content="Close" ToolTip="Close the file. All changes will be disregarded." Width="62" Background="#FFDCD98E"/>
      </ToolBar>
    </ToolBarTray>
    </BlockUIContainer >
</FlowDocument>